國曆日期,星期,農曆,預期資料夾名,現有資料夾名,狀態
2026-06-28,週日,十四,十齋日_2026-06-28_農曆十四,十齋日_2026-06-28_農曆十四,✅已有
2026-06-29,週一,十五,十齋日_2026-06-29_農曆十五,十齋日_2026-06-29_農曆十五,✅已有
2026-07-02,週四,十八,十齋日_2026-07-02_農曆十八,十齋日_2026-07-02_農曆十八,✅已有
2026-07-07,週二,二十三,十齋日_2026-07-07_農曆二十三,十齋日_2026-07-07_農曆二十三,✅已有
2026-07-08,週三,二十四,十齋日_2026-07-08_農曆二十四,十齋日_2026-07-08_農曆二十四,✅已有
2026-07-12,週日,二十八,十齋日_2026-07-12_農曆二十八,十齋日_2026-07-12_農曆二十八,✅已有
2026-07-13,週一,二十九,十齋日_2026-07-13_農曆二十九,十齋日_2026-07-13_農曆二十九,✅已有
2026-07-14,週二,初一,十齋日_2026-07-14_農曆初一,十齋日_2026-07-14_農曆初一,✅已有
2026-07-21,週二,初八,十齋日_2026-07-21_農曆初八,十齋日_2026-07-21_農曆初八,✅已有
2026-07-27,週一,十四,十齋日_2026-07-27_農曆十四,十齋日_2026-07-27_農曆十四,✅已有
2026-07-28,週二,十五,十齋日_2026-07-28_農曆十五,十齋日_2026-07-28_農曆十五,✅已有
2026-07-31,週五,十八,十齋日_2026-07-31_農曆十八,十齋日_2026-07-31_農曆十八,✅已有
2026-08-05,週三,二十三,十齋日_2026-08-05_農曆二十三,十齋日_2026-08-05_農曆二十三,✅已有
2026-08-06,週四,二十四,十齋日_2026-08-06_農曆二十四,十齋日_2026-08-06_農曆二十四,✅已有
2026-08-10,週一,二十八,十齋日_2026-08-10_農曆二十八,十齋日_2026-08-10_農曆二十八,✅已有
2026-08-11,週二,二十九,十齋日_2026-08-11_農曆二十九,十齋日_2026-08-11_農曆二十九,✅已有
2026-08-12,週三,三十,十齋日_2026-08-12_農曆三十,十齋日_2026-08-12_農曆三十,✅已有
2026-08-13,週四,初一,十齋日_2026-08-13_農曆初一,十齋日_2026-08-13_農曆初一,✅已有
2026-08-20,週四,初八,十齋日_2026-08-20_農曆初八,十齋日_2026-08-20_農曆初八,✅已有
2026-08-26,週三,十四,十齋日_2026-08-26_農曆十四,十齋日_2026-08-26_農曆十四,✅已有
2026-08-27,週四,十五,十齋日_2026-08-27_農曆十五,十齋日_2026-08-27_農曆十五,✅已有
2026-08-30,週日,十八,十齋日_2026-08-30_農曆十八,十齋日_2026-08-30_農曆十八,✅已有
2026-09-04,週五,二十三,十齋日_2026-09-04_農曆二十三,十齋日_2026-09-04_農曆二十三,✅已有
2026-09-05,週六,二十四,十齋日_2026-09-05_農曆二十四,十齋日_2026-09-05_農曆二十四,✅已有
2026-09-09,週三,二十八,十齋日_2026-09-09_農曆二十八,十齋日_2026-09-09_農曆二十八,✅已有
2026-09-10,週四,二十九,十齋日_2026-09-10_農曆二十九,十齋日_2026-09-10_農曆二十九,✅已有
2026-09-11,週五,初一,十齋日_2026-09-11_農曆初一,十齋日_2026-09-11_農曆初一,✅已有
2026-09-18,週五,初八,十齋日_2026-09-18_農曆初八,十齋日_2026-09-18_農曆初八,✅已有
2026-09-24,週四,十四,十齋日_2026-09-24_農曆十四,十齋日_2026-09-24_農曆十四,✅已有
2026-09-25,週五,十五,十齋日_2026-09-25_農曆十五,十齋日_2026-09-25_農曆十五,✅已有
2026-09-28,週一,十八,十齋日_2026-09-28_農曆十八,十齋日_2026-09-28_農曆十八,✅已有
2026-10-03,週六,二十三,十齋日_2026-10-03_農曆二十三,十齋日_2026-10-03_農曆二十三,✅已有
2026-10-04,週日,二十四,十齋日_2026-10-04_農曆二十四,十齋日_2026-10-04_農曆二十四,✅已有
2026-10-08,週四,二十八,十齋日_2026-10-08_農曆二十八,十齋日_2026-10-08_農曆二十八,✅已有
2026-10-09,週五,二十九,十齋日_2026-10-09_農曆二十九,十齋日_2026-10-09_農曆二十九,✅已有
2026-10-10,週六,初一,十齋日_2026-10-10_農曆初一,十齋日_2026-10-10_農曆初一,✅已有
2026-10-17,週六,初八,十齋日_2026-10-17_農曆初八,十齋日_2026-10-17_農曆初八,✅已有
2026-10-23,週五,十四,十齋日_2026-10-23_農曆十四,十齋日_2026-10-23_農曆十四,✅已有
2026-10-24,週六,十五,十齋日_2026-10-24_農曆十五,十齋日_2026-10-24_農曆十五,✅已有
2026-10-27,週二,十八,十齋日_2026-10-27_農曆十八,十齋日_2026-10-27_農曆十八,✅已有
2026-11-01,週日,二十三,十齋日_2026-11-01_農曆二十三,十齋日_2026-11-01_農曆二十三,✅已有
2026-11-02,週一,二十四,十齋日_2026-11-02_農曆二十四,十齋日_2026-11-02_農曆二十四,✅已有
2026-11-06,週五,二十八,十齋日_2026-11-06_農曆二十八,十齋日_2026-11-06_農曆二十八,✅已有
2026-11-07,週六,二十九,十齋日_2026-11-07_農曆二十九,十齋日_2026-11-07_農曆二十九,✅已有
2026-11-08,週日,三十,十齋日_2026-11-08_農曆三十,十齋日_2026-11-08_農曆三十,✅已有
2026-11-09,週一,初一,十齋日_2026-11-09_農曆初一,十齋日_2026-11-09_農曆初一,✅已有
2026-11-16,週一,初八,十齋日_2026-11-16_農曆初八,十齋日_2026-11-16_農曆初八,✅已有
2026-11-22,週日,十四,十齋日_2026-11-22_農曆十四,十齋日_2026-11-22_農曆十四,✅已有
2026-11-23,週一,十五,十齋日_2026-11-23_農曆十五,十齋日_2026-11-23_農曆十五,✅已有
2026-11-26,週四,十八,十齋日_2026-11-26_農曆十八,十齋日_2026-11-26_農曆十八,✅已有
2026-12-01,週二,二十三,十齋日_2026-12-01_農曆二十三,十齋日_2026-12-01_農曆二十三,✅已有
2026-12-02,週三,二十四,十齋日_2026-12-02_農曆二十四,十齋日_2026-12-02_農曆二十四,✅已有
2026-12-06,週日,二十八,十齋日_2026-12-06_農曆二十八,十齋日_2026-12-06_農曆二十八,✅已有
2026-12-07,週一,二十九,十齋日_2026-12-07_農曆二十九,十齋日_2026-12-07_農曆二十九,✅已有
2026-12-08,週二,三十,十齋日_2026-12-08_農曆三十,十齋日_2026-12-08_農曆三十,✅已有
2026-12-09,週三,初一,十齋日_2026-12-09_農曆初一,十齋日_2026-12-09_農曆初一,✅已有
2026-12-16,週三,初八,十齋日_2026-12-16_農曆初八,十齋日_2026-12-16_農曆初八,✅已有
2026-12-22,週二,十四,十齋日_2026-12-22_農曆十四,十齋日_2026-12-22_農曆十四,✅已有
2026-12-23,週三,十五,十齋日_2026-12-23_農曆十五,十齋日_2026-12-23_農曆十五,✅已有
2026-12-26,週六,十八,十齋日_2026-12-26_農曆十八,十齋日_2026-12-26_農曆十八,✅已有
2026-12-31,週四,二十三,十齋日_2026-12-31_農曆二十三,十齋日_2026-12-31_農曆二十三,✅已有
2027-01-01,週五,二十四,十齋日_2027-01-01_農曆二十四,十齋日_2027-01-01_農曆二十四,✅已有
2027-01-05,週二,二十八,十齋日_2027-01-05_農曆二十八,十齋日_2027-01-05_農曆二十八,✅已有
2027-01-06,週三,二十九,十齋日_2027-01-06_農曆二十九,十齋日_2027-01-06_農曆二十九,✅已有
2027-01-07,週四,三十,十齋日_2027-01-07_農曆三十,十齋日_2027-01-07_農曆三十,✅已有
2027-01-08,週五,初一,十齋日_2027-01-08_農曆初一,十齋日_2027-01-08_農曆初一,✅已有
2027-01-15,週五,初八,十齋日_2027-01-15_農曆初八,十齋日_2027-01-15_農曆初八,✅已有
2027-01-21,週四,十四,十齋日_2027-01-21_農曆十四,十齋日_2027-01-21_農曆十四,✅已有
2027-01-22,週五,十五,十齋日_2027-01-22_農曆十五,十齋日_2027-01-22_農曆十五,✅已有
2027-01-25,週一,十八,十齋日_2027-01-25_農曆十八,十齋日_2027-01-25_農曆十八,✅已有
2027-01-30,週六,二十三,十齋日_2027-01-30_農曆二十三,十齋日_2027-01-30_農曆二十三,✅已有
2027-01-31,週日,二十四,十齋日_2027-01-31_農曆二十四,十齋日_2027-01-31_農曆二十四,✅已有
2027-02-04,週四,二十八,十齋日_2027-02-04_農曆二十八,十齋日_2027-02-04_農曆二十八,✅已有
2027-02-05,週五,二十九,十齋日_2027-02-05_農曆二十九,十齋日_2027-02-05_農曆二十九,✅已有
2027-02-06,週六,初一,十齋日_2027-02-06_農曆初一,十齋日_2027-02-06_農曆初一,✅已有
2027-02-13,週六,初八,十齋日_2027-02-13_農曆初八,十齋日_2027-02-13_農曆初八,✅已有
2027-02-19,週五,十四,十齋日_2027-02-19_農曆十四,十齋日_2027-02-19_農曆十四,✅已有
2027-02-20,週六,十五,十齋日_2027-02-20_農曆十五,十齋日_2027-02-20_農曆十五,✅已有
2027-02-23,週二,十八,十齋日_2027-02-23_農曆十八,十齋日_2027-02-23_農曆十八,✅已有
2027-02-28,週日,二十三,十齋日_2027-02-28_農曆二十三,十齋日_2027-02-28_農曆二十三,✅已有
2027-03-01,週一,二十四,十齋日_2027-03-01_農曆二十四,十齋日_2027-03-01_農曆二十四,✅已有
2027-03-05,週五,二十八,十齋日_2027-03-05_農曆二十八,十齋日_2027-03-05_農曆二十八,✅已有
2027-03-06,週六,二十九,十齋日_2027-03-06_農曆二十九,十齋日_2027-03-06_農曆二十九,✅已有
2027-03-07,週日,三十,十齋日_2027-03-07_農曆三十,十齋日_2027-03-07_農曆三十,✅已有
2027-03-08,週一,初一,十齋日_2027-03-08_農曆初一,十齋日_2027-03-08_農曆初一,✅已有
2027-03-15,週一,初八,十齋日_2027-03-15_農曆初八,十齋日_2027-03-15_農曆初八,✅已有
2027-03-21,週日,十四,十齋日_2027-03-21_農曆十四,十齋日_2027-03-21_農曆十四,✅已有
2027-03-22,週一,十五,十齋日_2027-03-22_農曆十五,十齋日_2027-03-22_農曆十五,✅已有
2027-03-25,週四,十八,十齋日_2027-03-25_農曆十八,十齋日_2027-03-25_農曆十八,✅已有
2027-03-30,週二,二十三,十齋日_2027-03-30_農曆二十三,十齋日_2027-03-30_農曆二十三,✅已有
2027-03-31,週三,二十四,十齋日_2027-03-31_農曆二十四,十齋日_2027-03-31_農曆二十四,✅已有
2027-04-04,週日,二十八,十齋日_2027-04-04_農曆二十八,十齋日_2027-04-04_農曆二十八,✅已有
2027-04-05,週一,二十九,十齋日_2027-04-05_農曆二十九,十齋日_2027-04-05_農曆二十九,✅已有
2027-04-06,週二,三十,十齋日_2027-04-06_農曆三十,十齋日_2027-04-06_農曆三十,✅已有
2027-04-07,週三,初一,十齋日_2027-04-07_農曆初一,十齋日_2027-04-07_農曆初一,✅已有
2027-04-14,週三,初八,十齋日_2027-04-14_農曆初八,十齋日_2027-04-14_農曆初八,✅已有
2027-04-20,週二,十四,十齋日_2027-04-20_農曆十四,十齋日_2027-04-20_農曆十四,✅已有
2027-04-21,週三,十五,十齋日_2027-04-21_農曆十五,十齋日_2027-04-21_農曆十五,✅已有
2027-04-24,週六,十八,十齋日_2027-04-24_農曆十八,十齋日_2027-04-24_農曆十八,✅已有
2027-04-29,週四,二十三,十齋日_2027-04-29_農曆二十三,十齋日_2027-04-29_農曆二十三,✅已有
2027-04-30,週五,二十四,十齋日_2027-04-30_農曆二十四,十齋日_2027-04-30_農曆二十四,✅已有
2027-05-04,週二,二十八,十齋日_2027-05-04_農曆二十八,十齋日_2027-05-04_農曆二十八,✅已有
2027-05-05,週三,二十九,十齋日_2027-05-05_農曆二十九,十齋日_2027-05-05_農曆二十九,✅已有
2027-05-06,週四,初一,十齋日_2027-05-06_農曆初一,十齋日_2027-05-06_農曆初一,✅已有
2027-05-13,週四,初八,十齋日_2027-05-13_農曆初八,十齋日_2027-05-13_農曆初八,✅已有
2027-05-19,週三,十四,十齋日_2027-05-19_農曆十四,十齋日_2027-05-19_農曆十四,✅已有
2027-05-20,週四,十五,十齋日_2027-05-20_農曆十五,十齋日_2027-05-20_農曆十五,✅已有
2027-05-23,週日,十八,十齋日_2027-05-23_農曆十八,十齋日_2027-05-23_農曆十八,✅已有
2027-05-28,週五,二十三,十齋日_2027-05-28_農曆二十三,十齋日_2027-05-28_農曆二十三,✅已有
2027-05-29,週六,二十四,十齋日_2027-05-29_農曆二十四,十齋日_2027-05-29_農曆二十四,✅已有
2027-06-02,週三,二十八,十齋日_2027-06-02_農曆二十八,十齋日_2027-06-02_農曆二十八,✅已有
2027-06-03,週四,二十九,十齋日_2027-06-03_農曆二十九,十齋日_2027-06-03_農曆二十九,✅已有
2027-06-04,週五,三十,十齋日_2027-06-04_農曆三十,十齋日_2027-06-04_農曆三十,✅已有
2027-06-05,週六,初一,十齋日_2027-06-05_農曆初一,十齋日_2027-06-05_農曆初一,✅已有
2027-06-12,週六,初八,十齋日_2027-06-12_農曆初八,十齋日_2027-06-12_農曆初八,✅已有
2027-06-18,週五,十四,十齋日_2027-06-18_農曆十四,十齋日_2027-06-18_農曆十四,✅已有
2027-06-19,週六,十五,十齋日_2027-06-19_農曆十五,十齋日_2027-06-19_農曆十五,✅已有
2027-06-22,週二,十八,十齋日_2027-06-22_農曆十八,十齋日_2027-06-22_農曆十八,✅已有
2027-06-27,週日,二十三,十齋日_2027-06-27_農曆二十三,十齋日_2027-06-27_農曆二十三,✅已有
2027-06-28,週一,二十四,十齋日_2027-06-28_農曆二十四,十齋日_2027-06-28_農曆二十四,✅已有
2027-07-02,週五,二十八,十齋日_2027-07-02_農曆二十八,十齋日_2027-07-02_農曆二十八,✅已有
2027-07-03,週六,二十九,十齋日_2027-07-03_農曆二十九,十齋日_2027-07-03_農曆二十九,✅已有
2027-07-04,週日,初一,十齋日_2027-07-04_農曆初一,十齋日_2027-07-04_農曆初一,✅已有
2027-07-11,週日,初八,十齋日_2027-07-11_農曆初八,十齋日_2027-07-11_農曆初八,✅已有
2027-07-17,週六,十四,十齋日_2027-07-17_農曆十四,十齋日_2027-07-17_農曆十四,✅已有
2027-07-18,週日,十五,十齋日_2027-07-18_農曆十五,十齋日_2027-07-18_農曆十五,✅已有
2027-07-21,週三,十八,十齋日_2027-07-21_農曆十八,十齋日_2027-07-21_農曆十八,✅已有
2027-07-26,週一,二十三,十齋日_2027-07-26_農曆二十三,十齋日_2027-07-26_農曆二十三,✅已有
2027-07-27,週二,二十四,十齋日_2027-07-27_農曆二十四,十齋日_2027-07-27_農曆二十四,✅已有
2027-07-31,週六,二十八,十齋日_2027-07-31_農曆二十八,十齋日_2027-07-31_農曆二十八,✅已有
2027-08-01,週日,二十九,十齋日_2027-08-01_農曆二十九,十齋日_2027-08-01_農曆二十九,✅已有
2027-08-02,週一,初一,十齋日_2027-08-02_農曆初一,十齋日_2027-08-02_農曆初一,✅已有
2027-08-09,週一,初八,十齋日_2027-08-09_農曆初八,十齋日_2027-08-09_農曆初八,✅已有
2027-08-15,週日,十四,十齋日_2027-08-15_農曆十四,十齋日_2027-08-15_農曆十四,✅已有
2027-08-16,週一,十五,十齋日_2027-08-16_農曆十五,十齋日_2027-08-16_農曆十五,✅已有
2027-08-19,週四,十八,十齋日_2027-08-19_農曆十八,十齋日_2027-08-19_農曆十八,✅已有
2027-08-24,週二,二十三,十齋日_2027-08-24_農曆二十三,十齋日_2027-08-24_農曆二十三,✅已有
2027-08-25,週三,二十四,十齋日_2027-08-25_農曆二十四,十齋日_2027-08-25_農曆二十四,✅已有
2027-08-29,週日,二十八,十齋日_2027-08-29_農曆二十八,十齋日_2027-08-29_農曆二十八,✅已有
2027-08-30,週一,二十九,十齋日_2027-08-30_農曆二十九,十齋日_2027-08-30_農曆二十九,✅已有
2027-08-31,週二,三十,十齋日_2027-08-31_農曆三十,十齋日_2027-08-31_農曆三十,✅已有
2027-09-01,週三,初一,十齋日_2027-09-01_農曆初一,十齋日_2027-09-01_農曆初一,✅已有
2027-09-08,週三,初八,十齋日_2027-09-08_農曆初八,十齋日_2027-09-08_農曆初八,✅已有
2027-09-14,週二,十四,十齋日_2027-09-14_農曆十四,十齋日_2027-09-14_農曆十四,✅已有
2027-09-15,週三,十五,十齋日_2027-09-15_農曆十五,十齋日_2027-09-15_農曆十五,✅已有
2027-09-18,週六,十八,十齋日_2027-09-18_農曆十八,十齋日_2027-09-18_農曆十八,✅已有
2027-09-23,週四,二十三,十齋日_2027-09-23_農曆二十三,十齋日_2027-09-23_農曆二十三,✅已有
2027-09-24,週五,二十四,十齋日_2027-09-24_農曆二十四,十齋日_2027-09-24_農曆二十四,✅已有
2027-09-28,週二,二十八,十齋日_2027-09-28_農曆二十八,十齋日_2027-09-28_農曆二十八,✅已有
2027-09-29,週三,二十九,十齋日_2027-09-29_農曆二十九,十齋日_2027-09-29_農曆二十九,✅已有
2027-09-30,週四,初一,十齋日_2027-09-30_農曆初一,十齋日_2027-09-30_農曆初一,✅已有
2027-10-07,週四,初八,十齋日_2027-10-07_農曆初八,十齋日_2027-10-07_農曆初八,✅已有
2027-10-13,週三,十四,十齋日_2027-10-13_農曆十四,十齋日_2027-10-13_農曆十四,✅已有
2027-10-14,週四,十五,十齋日_2027-10-14_農曆十五,十齋日_2027-10-14_農曆十五,✅已有
2027-10-17,週日,十八,十齋日_2027-10-17_農曆十八,十齋日_2027-10-17_農曆十八,✅已有
2027-10-22,週五,二十三,十齋日_2027-10-22_農曆二十三,十齋日_2027-10-22_農曆二十三,✅已有
2027-10-23,週六,二十四,十齋日_2027-10-23_農曆二十四,十齋日_2027-10-23_農曆二十四,✅已有
2027-10-27,週三,二十八,十齋日_2027-10-27_農曆二十八,十齋日_2027-10-27_農曆二十八,✅已有
2027-10-28,週四,二十九,十齋日_2027-10-28_農曆二十九,十齋日_2027-10-28_農曆二十九,✅已有
2027-10-29,週五,初一,十齋日_2027-10-29_農曆初一,十齋日_2027-10-29_農曆初一,✅已有
2027-11-05,週五,初八,十齋日_2027-11-05_農曆初八,十齋日_2027-11-05_農曆初八,✅已有
2027-11-11,週四,十四,十齋日_2027-11-11_農曆十四,十齋日_2027-11-11_農曆十四,✅已有
2027-11-12,週五,十五,十齋日_2027-11-12_農曆十五,十齋日_2027-11-12_農曆十五,✅已有
2027-11-15,週一,十八,十齋日_2027-11-15_農曆十八,十齋日_2027-11-15_農曆十八,✅已有
2027-11-20,週六,二十三,十齋日_2027-11-20_農曆二十三,十齋日_2027-11-20_農曆二十三,✅已有
2027-11-21,週日,二十四,十齋日_2027-11-21_農曆二十四,十齋日_2027-11-21_農曆二十四,✅已有
2027-11-25,週四,二十八,十齋日_2027-11-25_農曆二十八,十齋日_2027-11-25_農曆二十八,✅已有
2027-11-26,週五,二十九,十齋日_2027-11-26_農曆二十九,十齋日_2027-11-26_農曆二十九,✅已有
2027-11-27,週六,三十,十齋日_2027-11-27_農曆三十,十齋日_2027-11-27_農曆三十,✅已有
2027-11-28,週日,初一,十齋日_2027-11-28_農曆初一,十齋日_2027-11-28_農曆初一,✅已有
2027-12-05,週日,初八,十齋日_2027-12-05_農曆初八,十齋日_2027-12-05_農曆初八,✅已有
2027-12-11,週六,十四,十齋日_2027-12-11_農曆十四,十齋日_2027-12-11_農曆十四,✅已有
2027-12-12,週日,十五,十齋日_2027-12-12_農曆十五,十齋日_2027-12-12_農曆十五,✅已有
2027-12-15,週三,十八,十齋日_2027-12-15_農曆十八,十齋日_2027-12-15_農曆十八,✅已有
2027-12-20,週一,二十三,十齋日_2027-12-20_農曆二十三,十齋日_2027-12-20_農曆二十三,✅已有
2027-12-21,週二,二十四,十齋日_2027-12-21_農曆二十四,十齋日_2027-12-21_農曆二十四,✅已有
2027-12-25,週六,二十八,十齋日_2027-12-25_農曆二十八,十齋日_2027-12-25_農曆二十八,✅已有
2027-12-26,週日,二十九,十齋日_2027-12-26_農曆二十九,十齋日_2027-12-26_農曆二十九,✅已有
2027-12-27,週一,三十,十齋日_2027-12-27_農曆三十,十齋日_2027-12-27_農曆三十,✅已有
2027-12-28,週二,初一,十齋日_2027-12-28_農曆初一,十齋日_2027-12-28_農曆初一,✅已有
2028-01-04,週二,初八,十齋日_2028-01-04_農曆初八,,⚠️ 待新增
2028-01-10,週一,十四,十齋日_2028-01-10_農曆十四,,⚠️ 待新增
2028-01-11,週二,十五,十齋日_2028-01-11_農曆十五,,⚠️ 待新增
2028-01-14,週五,十八,十齋日_2028-01-14_農曆十八,,⚠️ 待新增
2028-01-19,週三,二十三,十齋日_2028-01-19_農曆二十三,,⚠️ 待新增
2028-01-20,週四,二十四,十齋日_2028-01-20_農曆二十四,,⚠️ 待新增
2028-01-24,週一,二十八,十齋日_2028-01-24_農曆二十八,,⚠️ 待新增
2028-01-25,週二,二十九,十齋日_2028-01-25_農曆二十九,,⚠️ 待新增
2028-01-26,週三,初一,十齋日_2028-01-26_農曆初一,,⚠️ 待新增
2028-02-02,週三,初八,十齋日_2028-02-02_農曆初八,,⚠️ 待新增
2028-02-08,週二,十四,十齋日_2028-02-08_農曆十四,,⚠️ 待新增
2028-02-09,週三,十五,十齋日_2028-02-09_農曆十五,,⚠️ 待新增
2028-02-12,週六,十八,十齋日_2028-02-12_農曆十八,,⚠️ 待新增
2028-02-17,週四,二十三,十齋日_2028-02-17_農曆二十三,,⚠️ 待新增
2028-02-18,週五,二十四,十齋日_2028-02-18_農曆二十四,,⚠️ 待新增
2028-02-22,週二,二十八,十齋日_2028-02-22_農曆二十八,,⚠️ 待新增
2028-02-23,週三,二十九,十齋日_2028-02-23_農曆二十九,,⚠️ 待新增
2028-02-24,週四,三十,十齋日_2028-02-24_農曆三十,,⚠️ 待新增
2028-02-25,週五,初一,十齋日_2028-02-25_農曆初一,,⚠️ 待新增
2028-03-03,週五,初八,十齋日_2028-03-03_農曆初八,,⚠️ 待新增
2028-03-09,週四,十四,十齋日_2028-03-09_農曆十四,,⚠️ 待新增
2028-03-10,週五,十五,十齋日_2028-03-10_農曆十五,,⚠️ 待新增
2028-03-13,週一,十八,十齋日_2028-03-13_農曆十八,,⚠️ 待新增
2028-03-18,週六,二十三,十齋日_2028-03-18_農曆二十三,,⚠️ 待新增
2028-03-19,週日,二十四,十齋日_2028-03-19_農曆二十四,,⚠️ 待新增
2028-03-23,週四,二十八,十齋日_2028-03-23_農曆二十八,,⚠️ 待新增
2028-03-24,週五,二十九,十齋日_2028-03-24_農曆二十九,,⚠️ 待新增
2028-03-25,週六,三十,十齋日_2028-03-25_農曆三十,,⚠️ 待新增
2028-03-26,週日,初一,十齋日_2028-03-26_農曆初一,,⚠️ 待新增
2028-04-02,週日,初八,十齋日_2028-04-02_農曆初八,,⚠️ 待新增
2028-04-08,週六,十四,十齋日_2028-04-08_農曆十四,,⚠️ 待新增
2028-04-09,週日,十五,十齋日_2028-04-09_農曆十五,,⚠️ 待新增
2028-04-12,週三,十八,十齋日_2028-04-12_農曆十八,,⚠️ 待新增
2028-04-17,週一,二十三,十齋日_2028-04-17_農曆二十三,,⚠️ 待新增
2028-04-18,週二,二十四,十齋日_2028-04-18_農曆二十四,,⚠️ 待新增
2028-04-22,週六,二十八,十齋日_2028-04-22_農曆二十八,,⚠️ 待新增
2028-04-23,週日,二十九,十齋日_2028-04-23_農曆二十九,,⚠️ 待新增
2028-04-24,週一,三十,十齋日_2028-04-24_農曆三十,,⚠️ 待新增
2028-04-25,週二,初一,十齋日_2028-04-25_農曆初一,,⚠️ 待新增
2028-05-02,週二,初八,十齋日_2028-05-02_農曆初八,,⚠️ 待新增
2028-05-08,週一,十四,十齋日_2028-05-08_農曆十四,,⚠️ 待新增
2028-05-09,週二,十五,十齋日_2028-05-09_農曆十五,,⚠️ 待新增
2028-05-12,週五,十八,十齋日_2028-05-12_農曆十八,,⚠️ 待新增
2028-05-17,週三,二十三,十齋日_2028-05-17_農曆二十三,,⚠️ 待新增
2028-05-18,週四,二十四,十齋日_2028-05-18_農曆二十四,,⚠️ 待新增
2028-05-22,週一,二十八,十齋日_2028-05-22_農曆二十八,,⚠️ 待新增
2028-05-23,週二,二十九,十齋日_2028-05-23_農曆二十九,,⚠️ 待新增
2028-05-24,週三,初一,十齋日_2028-05-24_農曆初一,,⚠️ 待新增
2028-05-31,週三,初八,十齋日_2028-05-31_農曆初八,,⚠️ 待新增
2028-06-06,週二,十四,十齋日_2028-06-06_農曆十四,,⚠️ 待新增
2028-06-07,週三,十五,十齋日_2028-06-07_農曆十五,,⚠️ 待新增
2028-06-10,週六,十八,十齋日_2028-06-10_農曆十八,,⚠️ 待新增
2028-06-15,週四,二十三,十齋日_2028-06-15_農曆二十三,,⚠️ 待新增
2028-06-16,週五,二十四,十齋日_2028-06-16_農曆二十四,,⚠️ 待新增
2028-06-20,週二,二十八,十齋日_2028-06-20_農曆二十八,,⚠️ 待新增
2028-06-21,週三,二十九,十齋日_2028-06-21_農曆二十九,,⚠️ 待新增
2028-06-22,週四,三十,十齋日_2028-06-22_農曆三十,,⚠️ 待新增
2028-06-23,週五,初一,十齋日_2028-06-23_農曆初一,,⚠️ 待新增
2028-06-30,週五,初八,十齋日_2028-06-30_農曆初八,,⚠️ 待新增
2028-07-06,週四,十四,十齋日_2028-07-06_農曆十四,,⚠️ 待新增
2028-07-07,週五,十五,十齋日_2028-07-07_農曆十五,,⚠️ 待新增
2028-07-10,週一,十八,十齋日_2028-07-10_農曆十八,,⚠️ 待新增
2028-07-15,週六,二十三,十齋日_2028-07-15_農曆二十三,,⚠️ 待新增
2028-07-16,週日,二十四,十齋日_2028-07-16_農曆二十四,,⚠️ 待新增
2028-07-20,週四,二十八,十齋日_2028-07-20_農曆二十八,,⚠️ 待新增
2028-07-21,週五,二十九,十齋日_2028-07-21_農曆二十九,,⚠️ 待新增
2028-07-22,週六,初一,十齋日_2028-07-22_農曆初一,,⚠️ 待新增
2028-07-29,週六,初八,十齋日_2028-07-29_農曆初八,,⚠️ 待新增
2028-08-04,週五,十四,十齋日_2028-08-04_農曆十四,,⚠️ 待新增
2028-08-05,週六,十五,十齋日_2028-08-05_農曆十五,,⚠️ 待新增
2028-08-08,週二,十八,十齋日_2028-08-08_農曆十八,,⚠️ 待新增
2028-08-13,週日,二十三,十齋日_2028-08-13_農曆二十三,,⚠️ 待新增
2028-08-14,週一,二十四,十齋日_2028-08-14_農曆二十四,,⚠️ 待新增
2028-08-18,週五,二十八,十齋日_2028-08-18_農曆二十八,,⚠️ 待新增
2028-08-19,週六,二十九,十齋日_2028-08-19_農曆二十九,,⚠️ 待新增
2028-08-20,週日,初一,十齋日_2028-08-20_農曆初一,,⚠️ 待新增
2028-08-27,週日,初八,十齋日_2028-08-27_農曆初八,,⚠️ 待新增
2028-09-02,週六,十四,十齋日_2028-09-02_農曆十四,,⚠️ 待新增
2028-09-03,週日,十五,十齋日_2028-09-03_農曆十五,,⚠️ 待新增
2028-09-06,週三,十八,十齋日_2028-09-06_農曆十八,,⚠️ 待新增
2028-09-11,週一,二十三,十齋日_2028-09-11_農曆二十三,,⚠️ 待新增
2028-09-12,週二,二十四,十齋日_2028-09-12_農曆二十四,,⚠️ 待新增
2028-09-16,週六,二十八,十齋日_2028-09-16_農曆二十八,,⚠️ 待新增
2028-09-17,週日,二十九,十齋日_2028-09-17_農曆二十九,,⚠️ 待新增
2028-09-18,週一,三十,十齋日_2028-09-18_農曆三十,,⚠️ 待新增
2028-09-19,週二,初一,十齋日_2028-09-19_農曆初一,,⚠️ 待新增
2028-09-26,週二,初八,十齋日_2028-09-26_農曆初八,,⚠️ 待新增
2028-10-02,週一,十四,十齋日_2028-10-02_農曆十四,,⚠️ 待新增
2028-10-03,週二,十五,十齋日_2028-10-03_農曆十五,,⚠️ 待新增
2028-10-06,週五,十八,十齋日_2028-10-06_農曆十八,,⚠️ 待新增
2028-10-11,週三,二十三,十齋日_2028-10-11_農曆二十三,,⚠️ 待新增
2028-10-12,週四,二十四,十齋日_2028-10-12_農曆二十四,,⚠️ 待新增
2028-10-16,週一,二十八,十齋日_2028-10-16_農曆二十八,,⚠️ 待新增
2028-10-17,週二,二十九,十齋日_2028-10-17_農曆二十九,,⚠️ 待新增
2028-10-18,週三,初一,十齋日_2028-10-18_農曆初一,,⚠️ 待新增
2028-10-25,週三,初八,十齋日_2028-10-25_農曆初八,,⚠️ 待新增
2028-10-31,週二,十四,十齋日_2028-10-31_農曆十四,,⚠️ 待新增
2028-11-01,週三,十五,十齋日_2028-11-01_農曆十五,,⚠️ 待新增
2028-11-04,週六,十八,十齋日_2028-11-04_農曆十八,,⚠️ 待新增
2028-11-09,週四,二十三,十齋日_2028-11-09_農曆二十三,,⚠️ 待新增
2028-11-10,週五,二十四,十齋日_2028-11-10_農曆二十四,,⚠️ 待新增
2028-11-14,週二,二十八,十齋日_2028-11-14_農曆二十八,,⚠️ 待新增
2028-11-15,週三,二十九,十齋日_2028-11-15_農曆二十九,,⚠️ 待新增
2028-11-16,週四,初一,十齋日_2028-11-16_農曆初一,,⚠️ 待新增
2028-11-23,週四,初八,十齋日_2028-11-23_農曆初八,,⚠️ 待新增
2028-11-29,週三,十四,十齋日_2028-11-29_農曆十四,,⚠️ 待新增
2028-11-30,週四,十五,十齋日_2028-11-30_農曆十五,,⚠️ 待新增
2028-12-03,週日,十八,十齋日_2028-12-03_農曆十八,,⚠️ 待新增
2028-12-08,週五,二十三,十齋日_2028-12-08_農曆二十三,,⚠️ 待新增
2028-12-09,週六,二十四,十齋日_2028-12-09_農曆二十四,,⚠️ 待新增
2028-12-13,週三,二十八,十齋日_2028-12-13_農曆二十八,,⚠️ 待新增
2028-12-14,週四,二十九,十齋日_2028-12-14_農曆二十九,,⚠️ 待新增
2028-12-15,週五,三十,十齋日_2028-12-15_農曆三十,,⚠️ 待新增
2028-12-16,週六,初一,十齋日_2028-12-16_農曆初一,,⚠️ 待新增
2028-12-23,週六,初八,十齋日_2028-12-23_農曆初八,,⚠️ 待新增
2028-12-29,週五,十四,十齋日_2028-12-29_農曆十四,,⚠️ 待新增
2028-12-30,週六,十五,十齋日_2028-12-30_農曆十五,,⚠️ 待新增
