篇號,舊名,舊日期,新名,新日期,星期,是否變動
1,2026-05-26_第1篇_序品第一,2026-05-26,2026-06-23_第1篇_序品第一,2026-06-23,週二,✅變動
2,2026-05-27_第2篇_序品第一,2026-05-27,2026-06-24_第2篇_序品第一,2026-06-24,週三,✅變動
3,2026-05-28_第3篇_序品第一,2026-05-28,2026-06-25_第3篇_序品第一,2026-06-25,週四,✅變動
4,2026-05-29_第4篇_序品第一,2026-05-29,2026-06-26_第4篇_序品第一,2026-06-26,週五,✅變動
5,2026-06-01_第5篇_序品第一,2026-06-01,2026-06-29_第5篇_序品第一,2026-06-29,週一,✅變動
6,2026-06-02_第6篇_序品第一,2026-06-02,2026-06-30_第6篇_序品第一,2026-06-30,週二,✅變動
7,2026-06-03_第7篇_序品第一,2026-06-03,2026-07-01_第7篇_序品第一,2026-07-01,週三,✅變動
8,2026-06-04_第8篇_序品第一,2026-06-04,2026-07-02_第8篇_序品第一,2026-07-02,週四,✅變動
9,2026-06-05_第9篇_序品第一,2026-06-05,2026-07-03_第9篇_序品第一,2026-07-03,週五,✅變動
10,2026-06-08_第10篇_序品第一,2026-06-08,2026-07-06_第10篇_序品第一,2026-07-06,週一,✅變動
11,2026-06-09_第11篇_序品第一,2026-06-09,2026-07-07_第11篇_序品第一,2026-07-07,週二,✅變動
12,2026-06-10_第12篇_序品第一,2026-06-10,2026-07-08_第12篇_序品第一,2026-07-08,週三,✅變動
13,2026-06-11_第13篇_序品第一,2026-06-11,2026-07-09_第13篇_序品第一,2026-07-09,週四,✅變動
14,2026-06-12_第14篇_序品第一,2026-06-12,2026-07-10_第14篇_序品第一,2026-07-10,週五,✅變動
15,2026-06-15_第15篇_序品第一,2026-06-15,2026-07-13_第15篇_序品第一,2026-07-13,週一,✅變動
16,2026-06-16_第16篇_序品第一,2026-06-16,2026-07-14_第16篇_序品第一,2026-07-14,週二,✅變動
17,2026-06-17_第17篇_序品第一,2026-06-17,2026-07-15_第17篇_序品第一,2026-07-15,週三,✅變動
18,2026-06-18_第18篇_序品第一,2026-06-18,2026-07-16_第18篇_序品第一,2026-07-16,週四,✅變動
19,2026-06-22_第19篇_序品第一,2026-06-22,2026-07-17_第19篇_序品第一,2026-07-17,週五,✅變動
20,2026-06-23_第20篇_序品第一,2026-06-23,2026-07-20_第20篇_序品第一,2026-07-20,週一,✅變動
21,2026-06-24_第21篇_十輪品,2026-06-24,2026-07-21_第21篇_十輪品,2026-07-21,週二,✅變動
22,2026-06-25_第22篇_十輪品,2026-06-25,2026-07-22_第22篇_十輪品,2026-07-22,週三,✅變動
23,2026-06-26_第23篇_十輪品,2026-06-26,2026-07-23_第23篇_十輪品,2026-07-23,週四,✅變動
24,2026-06-29_第24篇_十輪品,2026-06-29,2026-07-24_第24篇_十輪品,2026-07-24,週五,✅變動
25,2026-06-30_第25篇_十輪品,2026-06-30,2026-07-27_第25篇_十輪品,2026-07-27,週一,✅變動
26,2026-07-01_第26篇_十輪品,2026-07-01,2026-07-28_第26篇_十輪品,2026-07-28,週二,✅變動
27,2026-07-02_第27篇_十輪品,2026-07-02,2026-07-29_第27篇_十輪品,2026-07-29,週三,✅變動
28,2026-07-03_第28篇_十輪品,2026-07-03,2026-07-30_第28篇_十輪品,2026-07-30,週四,✅變動
29,2026-07-06_第29篇_十輪品,2026-07-06,2026-07-31_第29篇_十輪品,2026-07-31,週五,✅變動
30,2026-07-07_第30篇_十輪品,2026-07-07,2026-08-03_第30篇_十輪品,2026-08-03,週一,✅變動
31,2026-07-08_第31篇_十輪品,2026-07-08,2026-08-04_第31篇_十輪品,2026-08-04,週二,✅變動
32,2026-07-09_第32篇_十輪品,2026-07-09,2026-08-05_第32篇_十輪品,2026-08-05,週三,✅變動
33,2026-07-10_第33篇_十輪品,2026-07-10,2026-08-06_第33篇_十輪品,2026-08-06,週四,✅變動
34,2026-07-13_第34篇_十輪品,2026-07-13,2026-08-07_第34篇_十輪品,2026-08-07,週五,✅變動
35,2026-07-14_第35篇_十輪品,2026-07-14,2026-08-10_第35篇_十輪品,2026-08-10,週一,✅變動
36,2026-07-15_第36篇_十輪品,2026-07-15,2026-08-11_第36篇_十輪品,2026-08-11,週二,✅變動
37,2026-07-16_第37篇_十輪品,2026-07-16,2026-08-12_第37篇_十輪品,2026-08-12,週三,✅變動
38,2026-07-17_第38篇_十輪品,2026-07-17,2026-08-13_第38篇_十輪品,2026-08-13,週四,✅變動
39,2026-07-20_第39篇_十輪品,2026-07-20,2026-08-14_第39篇_十輪品,2026-08-14,週五,✅變動
40,2026-07-21_第40篇_十輪品,2026-07-21,2026-08-17_第40篇_十輪品,2026-08-17,週一,✅變動
41,2026-07-22_第41篇_無依行品,2026-07-22,2026-08-18_第41篇_無依行品,2026-08-18,週二,✅變動
42,2026-07-23_第42篇_無依行品,2026-07-23,2026-08-19_第42篇_無依行品,2026-08-19,週三,✅變動
43,2026-07-24_第43篇_無依行品,2026-07-24,2026-08-20_第43篇_無依行品,2026-08-20,週四,✅變動
44,2026-07-27_第44篇_無依行品,2026-07-27,2026-08-21_第44篇_無依行品,2026-08-21,週五,✅變動
45,2026-07-28_第45篇_無依行品,2026-07-28,2026-08-24_第45篇_無依行品,2026-08-24,週一,✅變動
46,2026-07-29_第46篇_無依行品,2026-07-29,2026-08-25_第46篇_無依行品,2026-08-25,週二,✅變動
47,2026-07-30_第47篇_無依行品,2026-07-30,2026-08-26_第47篇_無依行品,2026-08-26,週三,✅變動
48,2026-07-31_第48篇_無依行品,2026-07-31,2026-08-27_第48篇_無依行品,2026-08-27,週四,✅變動
49,2026-08-03_第49篇_無依行品,2026-08-03,2026-08-28_第49篇_無依行品,2026-08-28,週五,✅變動
50,2026-08-04_第50篇_無依行品,2026-08-04,2026-08-31_第50篇_無依行品,2026-08-31,週一,✅變動
51,2026-08-05_第51篇_無依行品,2026-08-05,2026-09-01_第51篇_無依行品,2026-09-01,週二,✅變動
52,2026-08-06_第52篇_無依行品,2026-08-06,2026-09-02_第52篇_無依行品,2026-09-02,週三,✅變動
53,2026-08-07_第53篇_無依行品,2026-08-07,2026-09-03_第53篇_無依行品,2026-09-03,週四,✅變動
54,2026-08-10_第54篇_無依行品,2026-08-10,2026-09-04_第54篇_無依行品,2026-09-04,週五,✅變動
55,2026-08-11_第55篇_無依行品,2026-08-11,2026-09-07_第55篇_無依行品,2026-09-07,週一,✅變動
56,2026-08-12_第56篇_有依行品,2026-08-12,2026-09-08_第56篇_有依行品,2026-09-08,週二,✅變動
57,2026-08-13_第57篇_有依行品,2026-08-13,2026-09-09_第57篇_有依行品,2026-09-09,週三,✅變動
58,2026-08-14_第58篇_有依行品,2026-08-14,2026-09-10_第58篇_有依行品,2026-09-10,週四,✅變動
59,2026-08-17_第59篇_有依行品,2026-08-17,2026-09-11_第59篇_有依行品,2026-09-11,週五,✅變動
60,2026-08-18_第60篇_有依行品,2026-08-18,2026-09-14_第60篇_有依行品,2026-09-14,週一,✅變動
61,2026-08-19_第61篇_有依行品,2026-08-19,2026-09-15_第61篇_有依行品,2026-09-15,週二,✅變動
62,2026-08-20_第62篇_有依行品,2026-08-20,2026-09-16_第62篇_有依行品,2026-09-16,週三,✅變動
63,2026-08-21_第63篇_有依行品,2026-08-21,2026-09-17_第63篇_有依行品,2026-09-17,週四,✅變動
64,2026-08-24_第64篇_有依行品,2026-08-24,2026-09-18_第64篇_有依行品,2026-09-18,週五,✅變動
65,2026-08-25_第65篇_有依行品,2026-08-25,2026-09-21_第65篇_有依行品,2026-09-21,週一,✅變動
66,2026-08-26_第66篇_有依行品,2026-08-26,2026-09-22_第66篇_有依行品,2026-09-22,週二,✅變動
67,2026-08-27_第67篇_有依行品,2026-08-27,2026-09-23_第67篇_有依行品,2026-09-23,週三,✅變動
68,2026-08-28_第68篇_有依行品,2026-08-28,2026-09-24_第68篇_有依行品,2026-09-24,週四,✅變動
69,2026-08-31_第69篇_有依行品,2026-08-31,2026-09-29_第69篇_有依行品,2026-09-29,週二,✅變動
70,2026-09-01_第70篇_有依行品,2026-09-01,2026-09-30_第70篇_有依行品,2026-09-30,週三,✅變動
71,2026-09-02_第71篇_懺悔品,2026-09-02,2026-10-01_第71篇_懺悔品,2026-10-01,週四,✅變動
72,2026-09-03_第72篇_懺悔品,2026-09-03,2026-10-02_第72篇_懺悔品,2026-10-02,週五,✅變動
73,2026-09-04_第73篇_懺悔品,2026-09-04,2026-10-05_第73篇_懺悔品,2026-10-05,週一,✅變動
74,2026-09-07_第74篇_懺悔品,2026-09-07,2026-10-06_第74篇_懺悔品,2026-10-06,週二,✅變動
75,2026-09-08_第75篇_懺悔品,2026-09-08,2026-10-07_第75篇_懺悔品,2026-10-07,週三,✅變動
76,2026-09-09_第76篇_懺悔品,2026-09-09,2026-10-08_第76篇_懺悔品,2026-10-08,週四,✅變動
77,2026-09-10_第77篇_懺悔品,2026-09-10,2026-10-12_第77篇_懺悔品,2026-10-12,週一,✅變動
78,2026-09-11_第78篇_懺悔品,2026-09-11,2026-10-13_第78篇_懺悔品,2026-10-13,週二,✅變動
79,2026-09-14_第79篇_善業道品,2026-09-14,2026-10-14_第79篇_善業道品,2026-10-14,週三,✅變動
80,2026-09-15_第80篇_善業道品,2026-09-15,2026-10-15_第80篇_善業道品,2026-10-15,週四,✅變動
81,2026-09-16_第81篇_善業道品,2026-09-16,2026-10-16_第81篇_善業道品,2026-10-16,週五,✅變動
82,2026-09-17_第82篇_善業道品,2026-09-17,2026-10-19_第82篇_善業道品,2026-10-19,週一,✅變動
83,2026-09-18_第83篇_善業道品,2026-09-18,2026-10-20_第83篇_善業道品,2026-10-20,週二,✅變動
84,2026-09-21_第84篇_善業道品,2026-09-21,2026-10-21_第84篇_善業道品,2026-10-21,週三,✅變動
85,2026-09-22_第85篇_善業道品,2026-09-22,2026-10-22_第85篇_善業道品,2026-10-22,週四,✅變動
86,2026-09-23_第86篇_善業道品,2026-09-23,2026-10-23_第86篇_善業道品,2026-10-23,週五,✅變動
87,2026-09-24_第87篇_善業道品,2026-09-24,2026-10-27_第87篇_善業道品,2026-10-27,週二,✅變動
88,2026-09-28_第88篇_善業道品,2026-09-28,2026-10-28_第88篇_善業道品,2026-10-28,週三,✅變動
89,2026-09-29_第89篇_福田相品,2026-09-29,2026-10-29_第89篇_福田相品,2026-10-29,週四,✅變動
90,2026-09-30_第90篇_福田相品,2026-09-30,2026-10-30_第90篇_福田相品,2026-10-30,週五,✅變動
91,2026-10-01_第91篇_福田相品,2026-10-01,2026-11-02_第91篇_福田相品,2026-11-02,週一,✅變動
92,2026-10-02_第92篇_福田相品,2026-10-02,2026-11-03_第92篇_福田相品,2026-11-03,週二,✅變動
93,2026-10-05_第93篇_福田相品,2026-10-05,2026-11-04_第93篇_福田相品,2026-11-04,週三,✅變動
94,2026-10-06_第94篇_福田相品,2026-10-06,2026-11-05_第94篇_福田相品,2026-11-05,週四,✅變動
95,2026-10-07_第95篇_福田相品,2026-10-07,2026-11-06_第95篇_福田相品,2026-11-06,週五,✅變動
96,2026-10-08_第96篇_獲益囑累品,2026-10-08,2026-11-09_第96篇_獲益囑累品,2026-11-09,週一,✅變動
97,2026-10-13_第97篇_獲益囑累品,2026-10-13,2026-11-10_第97篇_獲益囑累品,2026-11-10,週二,✅變動
98,2026-10-14_第98篇_獲益囑累品,2026-10-14,2026-11-11_第98篇_獲益囑累品,2026-11-11,週三,✅變動
99,2026-10-15_第99篇_獲益囑累品,2026-10-15,2026-11-12_第99篇_獲益囑累品,2026-11-12,週四,✅變動
100,2026-10-16_第100篇_獲益囑累品,2026-10-16,2026-11-13_第100篇_獲益囑累品,2026-11-13,週五,✅變動
