日期,農曆,資料夾,配對圖片,圖片相對路徑,排程時間,是否重複用圖
2026-05-24,初八,十齋日_2026-05-24_農曆初八,初八_01_農夫田間誦經.png,十齋日\02_初八\初八_01_農夫田間誦經.png,2026-05-24 06:00,
2026-05-30,十四,十齋日_2026-05-30_農曆十四,十四_01_茶農採茶誦經.png,十齋日\03_十四\十四_01_茶農採茶誦經.png,2026-05-30 06:00,
2026-05-31,十五,十齋日_2026-05-31_農曆十五,十五_01_果農果園誦經.png,十齋日\04_十五\十五_01_果農果園誦經.png,2026-05-31 06:00,
2026-06-03,十八,十齋日_2026-06-03_農曆十八,十八_01_果農果園誦經.png,十齋日\05_十八\十八_01_果農果園誦經.png,2026-06-03 06:00,
2026-06-08,二十三,十齋日_2026-06-08_農曆二十三,二十三_01_果農果園誦經.png,十齋日\06_二十三\二十三_01_果農果園誦經.png,2026-06-08 06:00,
2026-06-09,二十四,十齋日_2026-06-09_農曆二十四,二十四_01_果農果園誦經.png,十齋日\07_二十四\二十四_01_果農果園誦經.png,2026-06-09 06:00,
2026-06-13,二十八,十齋日_2026-06-13_農曆二十八,二十八_01_果農果園誦經.png,十齋日\08_二十八\二十八_01_果農果園誦經.png,2026-06-13 06:00,
2026-06-14,二十九,十齋日_2026-06-14_農曆二十九,二十九_01_果農果園誦經.png,十齋日\09_二十九\二十九_01_果農果園誦經.png,2026-06-14 06:00,
2026-06-15,初一,十齋日_2026-06-15_農曆初一,初一_02_母親與孩子共修.png,十齋日\01_初一\初一_02_母親與孩子共修.png,2026-06-15 06:00,
2026-06-22,初八,十齋日_2026-06-22_農曆初八,初八_02_母親與孩子共修.png,十齋日\02_初八\初八_02_母親與孩子共修.png,2026-06-22 06:00,
2026-06-28,十四,十齋日_2026-06-28_農曆十四,十四_02_單親媽媽與女兒共修.png,十齋日\03_十四\十四_02_單親媽媽與女兒共修.png,2026-06-28 06:00,
2026-06-29,十五,十齋日_2026-06-29_農曆十五,十五_02_爸爸與兒子共修.png,十齋日\04_十五\十五_02_爸爸與兒子共修.png,2026-06-29 06:00,
2026-07-02,十八,十齋日_2026-07-02_農曆十八,十八_02_爸爸與兒子共修.png,十齋日\05_十八\十八_02_爸爸與兒子共修.png,2026-07-02 06:00,
2026-07-07,二十三,十齋日_2026-07-07_農曆二十三,二十三_02_爸爸與兒子共修.png,十齋日\06_二十三\二十三_02_爸爸與兒子共修.png,2026-07-07 06:00,
2026-07-08,二十四,十齋日_2026-07-08_農曆二十四,二十四_02_爸爸與兒子共修.png,十齋日\07_二十四\二十四_02_爸爸與兒子共修.png,2026-07-08 06:00,
2026-07-12,二十八,十齋日_2026-07-12_農曆二十八,二十八_02_爸爸與兒子共修.png,十齋日\08_二十八\二十八_02_爸爸與兒子共修.png,2026-07-12 06:00,
2026-07-13,二十九,十齋日_2026-07-13_農曆二十九,二十九_02_爸爸與兒子共修.png,十齋日\09_二十九\二十九_02_爸爸與兒子共修.png,2026-07-13 06:00,
2026-07-14,初一,十齋日_2026-07-14_農曆初一,初一_03_年輕上班族.png,十齋日\01_初一\初一_03_年輕上班族.png,2026-07-14 06:00,
2026-07-21,初八,十齋日_2026-07-21_農曆初八,初八_03_年輕上班族.png,十齋日\02_初八\初八_03_年輕上班族.png,2026-07-21 06:00,
2026-07-27,十四,十齋日_2026-07-27_農曆十四,十四_03_金融業主管.png,十齋日\03_十四\十四_03_金融業主管.png,2026-07-27 06:00,
2026-07-28,十五,十齋日_2026-07-28_農曆十五,十五_03_律師事務所誦經.png,十齋日\04_十五\十五_03_律師事務所誦經.png,2026-07-28 06:00,
2026-07-31,十八,十齋日_2026-07-31_農曆十八,十八_03_律師事務所誦經.png,十齋日\05_十八\十八_03_律師事務所誦經.png,2026-07-31 06:00,
2026-08-05,二十三,十齋日_2026-08-05_農曆二十三,二十三_03_律師事務所誦經.png,十齋日\06_二十三\二十三_03_律師事務所誦經.png,2026-08-05 06:00,
2026-08-06,二十四,十齋日_2026-08-06_農曆二十四,二十四_03_律師事務所誦經.png,十齋日\07_二十四\二十四_03_律師事務所誦經.png,2026-08-06 06:00,
2026-08-10,二十八,十齋日_2026-08-10_農曆二十八,二十八_03_律師事務所誦經.png,十齋日\08_二十八\二十八_03_律師事務所誦經.png,2026-08-10 06:00,
2026-08-11,二十九,十齋日_2026-08-11_農曆二十九,二十九_03_律師事務所誦經.png,十齋日\09_二十九\二十九_03_律師事務所誦經.png,2026-08-11 06:00,
2026-08-12,三十,十齋日_2026-08-12_農曆三十,三十_11_建築設計師.png,十齋日\10_三十\三十_11_建築設計師.png,2026-08-12 06:00,
2026-08-13,初一,十齋日_2026-08-13_農曆初一,初一_04_寺廟師父開示.png,十齋日\01_初一\初一_04_寺廟師父開示.png,2026-08-13 06:00,
2026-08-20,初八,十齋日_2026-08-20_農曆初八,初八_04_寺廟師父開示.png,十齋日\02_初八\初八_04_寺廟師父開示.png,2026-08-20 06:00,
2026-08-26,十四,十齋日_2026-08-26_農曆十四,十四_04_比丘尼開示.png,十齋日\03_十四\十四_04_比丘尼開示.png,2026-08-26 06:00,
2026-08-27,十五,十齋日_2026-08-27_農曆十五,十五_04_藏傳喇嘛開示.png,十齋日\04_十五\十五_04_藏傳喇嘛開示.png,2026-08-27 06:00,
2026-08-30,十八,十齋日_2026-08-30_農曆十八,十八_04_藏傳喇嘛開示.png,十齋日\05_十八\十八_04_藏傳喇嘛開示.png,2026-08-30 06:00,
2026-09-04,二十三,十齋日_2026-09-04_農曆二十三,二十三_04_藏傳喇嘛開示.png,十齋日\06_二十三\二十三_04_藏傳喇嘛開示.png,2026-09-04 06:00,
2026-09-05,二十四,十齋日_2026-09-05_農曆二十四,二十四_04_藏傳喇嘛開示.png,十齋日\07_二十四\二十四_04_藏傳喇嘛開示.png,2026-09-05 06:00,
2026-09-09,二十八,十齋日_2026-09-09_農曆二十八,二十八_04_藏傳喇嘛開示.png,十齋日\08_二十八\二十八_04_藏傳喇嘛開示.png,2026-09-09 06:00,
2026-09-10,二十九,十齋日_2026-09-10_農曆二十九,二十九_04_藏傳喇嘛開示.png,十齋日\09_二十九\二十九_04_藏傳喇嘛開示.png,2026-09-10 06:00,
2026-09-11,初一,十齋日_2026-09-11_農曆初一,初一_06_醫生醫院誦經.png,十齋日\01_初一\初一_06_醫生醫院誦經.png,2026-09-11 06:00,
2026-09-18,初八,十齋日_2026-09-18_農曆初八,初八_05_漁夫船上誦經.png,十齋日\02_初八\初八_05_漁夫船上誦經.png,2026-09-18 06:00,
2026-09-24,十四,十齋日_2026-09-24_農曆十四,十四_05_潛水教練.png,十齋日\03_十四\十四_05_潛水教練.png,2026-09-24 06:00,
2026-09-25,十五,十齋日_2026-09-25_農曆十五,十五_05_船長海上誦經.png,十齋日\04_十五\十五_05_船長海上誦經.png,2026-09-25 06:00,
2026-09-28,十八,十齋日_2026-09-28_農曆十八,十八_05_船長海上誦經.png,十齋日\05_十八\十八_05_船長海上誦經.png,2026-09-28 06:00,
2026-10-03,二十三,十齋日_2026-10-03_農曆二十三,二十三_05_船長海上誦經.png,十齋日\06_二十三\二十三_05_船長海上誦經.png,2026-10-03 06:00,
2026-10-04,二十四,十齋日_2026-10-04_農曆二十四,二十四_05_船長海上誦經.png,十齋日\07_二十四\二十四_05_船長海上誦經.png,2026-10-04 06:00,
2026-10-08,二十八,十齋日_2026-10-08_農曆二十八,二十八_05_船長海上誦經.png,十齋日\08_二十八\二十八_05_船長海上誦經.png,2026-10-08 06:00,
2026-10-09,二十九,十齋日_2026-10-09_農曆二十九,二十九_05_船長海上誦經.png,十齋日\09_二十九\二十九_05_船長海上誦經.png,2026-10-09 06:00,
2026-10-10,初一,十齋日_2026-10-10_農曆初一,初一_07_教師書房誦經.png,十齋日\01_初一\初一_07_教師書房誦經.png,2026-10-10 06:00,
2026-10-17,初八,十齋日_2026-10-17_農曆初八,初八_06_醫生醫院誦經.png,十齋日\02_初八\初八_06_醫生醫院誦經.png,2026-10-17 06:00,
2026-10-23,十四,十齋日_2026-10-23_農曆十四,十四_06_獸醫診所誦經.png,十齋日\03_十四\十四_06_獸醫診所誦經.png,2026-10-23 06:00,
2026-10-24,十五,十齋日_2026-10-24_農曆十五,十五_07_考古學家.png,十齋日\04_十五\十五_07_考古學家.png,2026-10-24 06:00,
2026-10-27,十八,十齋日_2026-10-27_農曆十八,十八_06_急診室醫生.png,十齋日\05_十八\十八_06_急診室醫生.png,2026-10-27 06:00,
2026-11-01,二十三,十齋日_2026-11-01_農曆二十三,二十三_06_急診室醫生.png,十齋日\06_二十三\二十三_06_急診室醫生.png,2026-11-01 06:00,
2026-11-02,二十四,十齋日_2026-11-02_農曆二十四,二十四_06_急診室醫生.png,十齋日\07_二十四\二十四_06_急診室醫生.png,2026-11-02 06:00,
2026-11-06,二十八,十齋日_2026-11-06_農曆二十八,二十八_06_急診室醫生.png,十齋日\08_二十八\二十八_06_急診室醫生.png,2026-11-06 06:00,
2026-11-07,二十九,十齋日_2026-11-07_農曆二十九,二十九_06_急診室醫生.png,十齋日\09_二十九\二十九_06_急診室醫生.png,2026-11-07 06:00,
2026-11-08,三十,十齋日_2026-11-08_農曆三十,三十_12_壽司師傅.png,十齋日\10_三十\三十_12_壽司師傅.png,2026-11-08 06:00,
2026-11-09,初一,十齋日_2026-11-09_農曆初一,初一_08_老夫妻共修.png,十齋日\01_初一\初一_08_老夫妻共修.png,2026-11-09 06:00,
2026-11-16,初八,十齋日_2026-11-16_農曆初八,初八_07_教師書房誦經.png,十齋日\02_初八\初八_07_教師書房誦經.png,2026-11-16 06:00,
2026-11-22,十四,十齋日_2026-11-22_農曆十四,十四_07_漫畫家工作室誦經.png,十齋日\03_十四\十四_07_漫畫家工作室誦經.png,2026-11-22 06:00,
2026-11-23,十五,十齋日_2026-11-23_農曆十五,十五_08_銀髮夫妻共修.png,十齋日\04_十五\十五_08_銀髮夫妻共修.png,2026-11-23 06:00,
2026-11-26,十八,十齋日_2026-11-26_農曆十八,十八_07_考古學家.png,十齋日\05_十八\十八_07_考古學家.png,2026-11-26 06:00,
2026-12-01,二十三,十齋日_2026-12-01_農曆二十三,二十三_07_考古學家.png,十齋日\06_二十三\二十三_07_考古學家.png,2026-12-01 06:00,
2026-12-02,二十四,十齋日_2026-12-02_農曆二十四,二十四_07_考古學家.png,十齋日\07_二十四\二十四_07_考古學家.png,2026-12-02 06:00,
2026-12-06,二十八,十齋日_2026-12-06_農曆二十八,二十八_07_考古學家.png,十齋日\08_二十八\二十八_07_考古學家.png,2026-12-06 06:00,
2026-12-07,二十九,十齋日_2026-12-07_農曆二十九,二十九_07_考古學家.png,十齋日\09_二十九\二十九_07_考古學家.png,2026-12-07 06:00,
2026-12-08,三十,十齋日_2026-12-08_農曆三十,三十_13_外送員.png,十齋日\10_三十\三十_13_外送員.png,2026-12-08 06:00,
2026-12-09,初一,十齋日_2026-12-09_農曆初一,初一_09_學生宿舍誦經.png,十齋日\01_初一\初一_09_學生宿舍誦經.png,2026-12-09 06:00,
2026-12-16,初八,十齋日_2026-12-16_農曆初八,初八_08_老夫妻共修.png,十齋日\02_初八\初八_08_老夫妻共修.png,2026-12-16 06:00,
2026-12-22,十四,十齋日_2026-12-22_農曆十四,十四_08_退休警察夫妻.png,十齋日\03_十四\十四_08_退休警察夫妻.png,2026-12-22 06:00,
2026-12-23,十五,十齋日_2026-12-23_農曆十五,十五_09_藝術大學生.png,十齋日\04_十五\十五_09_藝術大學生.png,2026-12-23 06:00,
2026-12-26,十八,十齋日_2026-12-26_農曆十八,十八_08_銀髮夫妻共修.png,十齋日\05_十八\十八_08_銀髮夫妻共修.png,2026-12-26 06:00,
2026-12-31,二十三,十齋日_2026-12-31_農曆二十三,二十三_08_銀髮夫妻共修.png,十齋日\06_二十三\二十三_08_銀髮夫妻共修.png,2026-12-31 06:00,
2027-01-01,二十四,十齋日_2027-01-01_農曆二十四,二十四_08_銀髮夫妻共修.png,十齋日\07_二十四\二十四_08_銀髮夫妻共修.png,2027-01-01 06:00,
2027-01-05,二十八,十齋日_2027-01-05_農曆二十八,二十八_08_銀髮夫妻共修.png,十齋日\08_二十八\二十八_08_銀髮夫妻共修.png,2027-01-05 06:00,
2027-01-06,二十九,十齋日_2027-01-06_農曆二十九,二十九_08_銀髮夫妻共修.png,十齋日\09_二十九\二十九_08_銀髮夫妻共修.png,2027-01-06 06:00,
2027-01-07,三十,十齋日_2027-01-07_農曆三十,三十_14_檔案館管理員.png,十齋日\10_三十\三十_14_檔案館管理員.png,2027-01-07 06:00,
2027-01-08,初一,十齋日_2027-01-08_農曆初一,初一_10_茶藝師茶室誦經.png,十齋日\01_初一\初一_10_茶藝師茶室誦經.png,2027-01-08 06:00,
2027-01-15,初八,十齋日_2027-01-15_農曆初八,初八_09_學生宿舍誦經.png,十齋日\02_初八\初八_09_學生宿舍誦經.png,2027-01-15 06:00,
2027-01-21,十四,十齋日_2027-01-21_農曆十四,十四_09_交換學生宿舍誦經.png,十齋日\03_十四\十四_09_交換學生宿舍誦經.png,2027-01-21 06:00,
2027-01-22,十五,十齋日_2027-01-22_農曆十五,十五_10_古琴老師.png,十齋日\04_十五\十五_10_古琴老師.png,2027-01-22 06:00,
2027-01-25,十八,十齋日_2027-01-25_農曆十八,十八_09_藝術大學生.png,十齋日\05_十八\十八_09_藝術大學生.png,2027-01-25 06:00,
2027-01-30,二十三,十齋日_2027-01-30_農曆二十三,二十三_09_藝術大學生.png,十齋日\06_二十三\二十三_09_藝術大學生.png,2027-01-30 06:00,
2027-01-31,二十四,十齋日_2027-01-31_農曆二十四,二十四_09_藝術大學生.png,十齋日\07_二十四\二十四_09_藝術大學生.png,2027-01-31 06:00,
2027-02-04,二十八,十齋日_2027-02-04_農曆二十八,二十八_09_藝術大學生.png,十齋日\08_二十八\二十八_09_藝術大學生.png,2027-02-04 06:00,
2027-02-05,二十九,十齋日_2027-02-05_農曆二十九,二十九_09_藝術大學生.png,十齋日\09_二十九\二十九_09_藝術大學生.png,2027-02-05 06:00,
2027-02-06,初一,十齋日_2027-02-06_農曆初一,初一_11_畫家工作室誦經.png,十齋日\01_初一\初一_11_畫家工作室誦經.png,2027-02-06 06:00,
2027-02-13,初八,十齋日_2027-02-13_農曆初八,初八_10_茶藝師茶室誦經.png,十齋日\02_初八\初八_10_茶藝師茶室誦經.png,2027-02-13 06:00,
2027-02-19,十四,十齋日_2027-02-19_農曆十四,十四_10_香道師香室誦經.png,十齋日\03_十四\十四_10_香道師香室誦經.png,2027-02-19 06:00,
2027-02-20,十五,十齋日_2027-02-20_農曆十五,十五_11_建築設計師.png,十齋日\04_十五\十五_11_建築設計師.png,2027-02-20 06:00,
2027-02-23,十八,十齋日_2027-02-23_農曆十八,十八_10_古琴老師.png,十齋日\05_十八\十八_10_古琴老師.png,2027-02-23 06:00,
2027-02-28,二十三,十齋日_2027-02-28_農曆二十三,二十三_10_古琴老師.png,十齋日\06_二十三\二十三_10_古琴老師.png,2027-02-28 06:00,
2027-03-01,二十四,十齋日_2027-03-01_農曆二十四,二十四_10_古琴老師.png,十齋日\07_二十四\二十四_10_古琴老師.png,2027-03-01 06:00,
2027-03-05,二十八,十齋日_2027-03-05_農曆二十八,二十八_10_古琴老師.png,十齋日\08_二十八\二十八_10_古琴老師.png,2027-03-05 06:00,
2027-03-06,二十九,十齋日_2027-03-06_農曆二十九,二十九_10_古琴老師.png,十齋日\09_二十九\二十九_10_古琴老師.png,2027-03-06 06:00,
2027-03-07,三十,十齋日_2027-03-07_農曆三十,三十_15_乾燥花店老闆.png,十齋日\10_三十\三十_15_乾燥花店老闆.png,2027-03-07 06:00,
2027-03-08,初一,十齋日_2027-03-08_農曆初一,初一_12_廚師廚房誦經.png,十齋日\01_初一\初一_12_廚師廚房誦經.png,2027-03-08 06:00,
2027-03-15,初八,十齋日_2027-03-15_農曆初八,初八_11_畫家工作室誦經.png,十齋日\02_初八\初八_11_畫家工作室誦經.png,2027-03-15 06:00,
2027-03-21,十四,十齋日_2027-03-21_農曆十四,十四_11_攝影師暗房誦經.png,十齋日\03_十四\十四_11_攝影師暗房誦經.png,2027-03-21 06:00,
2027-03-22,十五,十齋日_2027-03-22_農曆十五,十五_12_壽司師傅.png,十齋日\04_十五\十五_12_壽司師傅.png,2027-03-22 06:00,
2027-03-25,十八,十齋日_2027-03-25_農曆十八,十八_11_建築設計師.png,十齋日\05_十八\十八_11_建築設計師.png,2027-03-25 06:00,
2027-03-30,二十三,十齋日_2027-03-30_農曆二十三,二十三_11_建築設計師.png,十齋日\06_二十三\二十三_11_建築設計師.png,2027-03-30 06:00,
2027-03-31,二十四,十齋日_2027-03-31_農曆二十四,二十四_11_建築設計師.png,十齋日\07_二十四\二十四_11_建築設計師.png,2027-03-31 06:00,
2027-04-04,二十八,十齋日_2027-04-04_農曆二十八,二十八_11_建築設計師.png,十齋日\08_二十八\二十八_11_建築設計師.png,2027-04-04 06:00,
2027-04-05,二十九,十齋日_2027-04-05_農曆二十九,二十九_11_建築設計師.png,十齋日\09_二十九\二十九_11_建築設計師.png,2027-04-05 06:00,
2027-04-06,三十,十齋日_2027-04-06_農曆三十,三十_16_油漆師傅.png,十齋日\10_三十\三十_16_油漆師傅.png,2027-04-06 06:00,
2027-04-07,初一,十齋日_2027-04-07_農曆初一,初一_13_郵差送信途中誦經.png,十齋日\01_初一\初一_13_郵差送信途中誦經.png,2027-04-07 06:00,
2027-04-14,初八,十齋日_2027-04-14_農曆初八,初八_12_廚師廚房誦經.png,十齋日\02_初八\初八_12_廚師廚房誦經.png,2027-04-14 06:00,
2027-04-20,十四,十齋日_2027-04-20_農曆十四,十四_12_甜點師傅.png,十齋日\03_十四\十四_12_甜點師傅.png,2027-04-20 06:00,
2027-04-21,十五,十齋日_2027-04-21_農曆十五,十五_13_外送員.png,十齋日\04_十五\十五_13_外送員.png,2027-04-21 06:00,
2027-04-24,十八,十齋日_2027-04-24_農曆十八,十八_12_壽司師傅.png,十齋日\05_十八\十八_12_壽司師傅.png,2027-04-24 06:00,
2027-04-29,二十三,十齋日_2027-04-29_農曆二十三,二十三_12_壽司師傅.png,十齋日\06_二十三\二十三_12_壽司師傅.png,2027-04-29 06:00,
2027-04-30,二十四,十齋日_2027-04-30_農曆二十四,二十四_12_壽司師傅.png,十齋日\07_二十四\二十四_12_壽司師傅.png,2027-04-30 06:00,
2027-05-04,二十八,十齋日_2027-05-04_農曆二十八,二十八_12_壽司師傅.png,十齋日\08_二十八\二十八_12_壽司師傅.png,2027-05-04 06:00,
2027-05-05,二十九,十齋日_2027-05-05_農曆二十九,二十九_12_壽司師傅.png,十齋日\09_二十九\二十九_12_壽司師傅.png,2027-05-05 06:00,
2027-05-06,初一,十齋日_2027-05-06_農曆初一,初一_14_圖書館管理員.png,十齋日\01_初一\初一_14_圖書館管理員.png,2027-05-06 06:00,
2027-05-13,初八,十齋日_2027-05-13_農曆初八,初八_13_郵差送信途中誦經.png,十齋日\02_初八\初八_13_郵差送信途中誦經.png,2027-05-13 06:00,
2027-05-19,十四,十齋日_2027-05-19_農曆十四,十四_13_自行車快遞員.png,十齋日\03_十四\十四_13_自行車快遞員.png,2027-05-19 06:00,
2027-05-20,十五,十齋日_2027-05-20_農曆十五,十五_14_檔案館管理員.png,十齋日\04_十五\十五_14_檔案館管理員.png,2027-05-20 06:00,
2027-05-23,十八,十齋日_2027-05-23_農曆十八,十八_13_外送員.png,十齋日\05_十八\十八_13_外送員.png,2027-05-23 06:00,
2027-05-28,二十三,十齋日_2027-05-28_農曆二十三,二十三_13_外送員.png,十齋日\06_二十三\二十三_13_外送員.png,2027-05-28 06:00,
2027-05-29,二十四,十齋日_2027-05-29_農曆二十四,二十四_13_外送員.png,十齋日\07_二十四\二十四_13_外送員.png,2027-05-29 06:00,
2027-06-02,二十八,十齋日_2027-06-02_農曆二十八,二十八_13_外送員.png,十齋日\08_二十八\二十八_13_外送員.png,2027-06-02 06:00,
2027-06-03,二十九,十齋日_2027-06-03_農曆二十九,二十九_13_外送員.png,十齋日\09_二十九\二十九_13_外送員.png,2027-06-03 06:00,
2027-06-04,三十,十齋日_2027-06-04_農曆三十,三十_17_精品咖啡師.png,十齋日\10_三十\三十_17_精品咖啡師.png,2027-06-04 06:00,
2027-06-05,初一,十齋日_2027-06-05_農曆初一,初一_15_花店老闆娘.png,十齋日\01_初一\初一_15_花店老闆娘.png,2027-06-05 06:00,
2027-06-12,初八,十齋日_2027-06-12_農曆初八,初八_14_圖書館管理員.png,十齋日\02_初八\初八_14_圖書館管理員.png,2027-06-12 06:00,
2027-06-18,十四,十齋日_2027-06-18_農曆十四,十四_14_博物館策展人.png,十齋日\03_十四\十四_14_博物館策展人.png,2027-06-18 06:00,
2027-06-19,十五,十齋日_2027-06-19_農曆十五,十五_15_乾燥花店老闆.png,十齋日\04_十五\十五_15_乾燥花店老闆.png,2027-06-19 06:00,
2027-06-22,十八,十齋日_2027-06-22_農曆十八,十八_14_檔案館管理員.png,十齋日\05_十八\十八_14_檔案館管理員.png,2027-06-22 06:00,
2027-06-27,二十三,十齋日_2027-06-27_農曆二十三,二十三_14_檔案館管理員.png,十齋日\06_二十三\二十三_14_檔案館管理員.png,2027-06-27 06:00,
2027-06-28,二十四,十齋日_2027-06-28_農曆二十四,二十四_14_檔案館管理員.png,十齋日\07_二十四\二十四_14_檔案館管理員.png,2027-06-28 06:00,
2027-07-02,二十八,十齋日_2027-07-02_農曆二十八,二十八_14_檔案館管理員.png,十齋日\08_二十八\二十八_14_檔案館管理員.png,2027-07-02 06:00,
2027-07-03,二十九,十齋日_2027-07-03_農曆二十九,二十九_14_檔案館管理員.png,十齋日\09_二十九\二十九_14_檔案館管理員.png,2027-07-03 06:00,
2027-07-04,初一,十齋日_2027-07-04_農曆初一,初一_16_建築工人.png,十齋日\01_初一\初一_16_建築工人.png,2027-07-04 06:00,
2027-07-11,初八,十齋日_2027-07-11_農曆初八,初八_15_花店老闆娘.png,十齋日\02_初八\初八_15_花店老闆娘.png,2027-07-11 06:00,
2027-07-17,十四,十齋日_2027-07-17_農曆十四,十四_15_多肉植物店老闆.png,十齋日\03_十四\十四_15_多肉植物店老闆.png,2027-07-17 06:00,
2027-07-18,十五,十齋日_2027-07-18_農曆十五,十五_16_油漆師傅.png,十齋日\04_十五\十五_16_油漆師傅.png,2027-07-18 06:00,
2027-07-21,十八,十齋日_2027-07-21_農曆十八,十八_15_乾燥花店老闆.png,十齋日\05_十八\十八_15_乾燥花店老闆.png,2027-07-21 06:00,
2027-07-26,二十三,十齋日_2027-07-26_農曆二十三,二十三_15_乾燥花店老闆.png,十齋日\06_二十三\二十三_15_乾燥花店老闆.png,2027-07-26 06:00,
2027-07-27,二十四,十齋日_2027-07-27_農曆二十四,二十四_15_乾燥花店老闆.png,十齋日\07_二十四\二十四_15_乾燥花店老闆.png,2027-07-27 06:00,
2027-07-31,二十八,十齋日_2027-07-31_農曆二十八,二十八_15_乾燥花店老闆.png,十齋日\08_二十八\二十八_15_乾燥花店老闆.png,2027-07-31 06:00,
2027-08-01,二十九,十齋日_2027-08-01_農曆二十九,二十九_15_乾燥花店老闆.png,十齋日\09_二十九\二十九_15_乾燥花店老闆.png,2027-08-01 06:00,
2027-08-02,初一,十齋日_2027-08-02_農曆初一,初一_17_咖啡師.png,十齋日\01_初一\初一_17_咖啡師.png,2027-08-02 06:00,
2027-08-09,初八,十齋日_2027-08-09_農曆初八,初八_16_建築工人.png,十齋日\02_初八\初八_16_建築工人.png,2027-08-09 06:00,
2027-08-15,十四,十齋日_2027-08-15_農曆十四,十四_16_水電工 1.png,十齋日\03_十四\十四_16_水電工 1.png,2027-08-15 06:00,
2027-08-16,十五,十齋日_2027-08-16_農曆十五,十五_17_精品咖啡師.png,十齋日\04_十五\十五_17_精品咖啡師.png,2027-08-16 06:00,
2027-08-19,十八,十齋日_2027-08-19_農曆十八,十八_16_油漆師傅.png,十齋日\05_十八\十八_16_油漆師傅.png,2027-08-19 06:00,
2027-08-24,二十三,十齋日_2027-08-24_農曆二十三,二十三_16_油漆師傅.png,十齋日\06_二十三\二十三_16_油漆師傅.png,2027-08-24 06:00,
2027-08-25,二十四,十齋日_2027-08-25_農曆二十四,二十四_16_油漆師傅.png,十齋日\07_二十四\二十四_16_油漆師傅.png,2027-08-25 06:00,
2027-08-29,二十八,十齋日_2027-08-29_農曆二十八,二十八_16_油漆師傅.png,十齋日\08_二十八\二十八_16_油漆師傅.png,2027-08-29 06:00,
2027-08-30,二十九,十齋日_2027-08-30_農曆二十九,二十九_16_油漆師傅.png,十齋日\09_二十九\二十九_16_油漆師傅.png,2027-08-30 06:00,
2027-08-31,三十,十齋日_2027-08-31_農曆三十,三十_18_金工設計師.png,十齋日\10_三十\三十_18_金工設計師.png,2027-08-31 06:00,
2027-09-01,初一,十齋日_2027-09-01_農曆初一,初一_18_裁縫師.png,十齋日\01_初一\初一_18_裁縫師.png,2027-09-01 06:00,
2027-09-08,初八,十齋日_2027-09-08_農曆初八,初八_17_咖啡師.png,十齋日\02_初八\初八_17_咖啡師.png,2027-09-08 06:00,
2027-09-14,十四,十齋日_2027-09-14_農曆十四,十四_16_水電工.png,十齋日\03_十四\十四_16_水電工.png,2027-09-14 06:00,
2027-09-15,十五,十齋日_2027-09-15_農曆十五,十五_18_金工設計師.png,十齋日\04_十五\十五_18_金工設計師.png,2027-09-15 06:00,
2027-09-18,十八,十齋日_2027-09-18_農曆十八,十八_17_精品咖啡師.png,十齋日\05_十八\十八_17_精品咖啡師.png,2027-09-18 06:00,
2027-09-23,二十三,十齋日_2027-09-23_農曆二十三,二十三_17_精品咖啡師.png,十齋日\06_二十三\二十三_17_精品咖啡師.png,2027-09-23 06:00,
2027-09-24,二十四,十齋日_2027-09-24_農曆二十四,二十四_17_精品咖啡師.png,十齋日\07_二十四\二十四_17_精品咖啡師.png,2027-09-24 06:00,
2027-09-28,二十八,十齋日_2027-09-28_農曆二十八,二十八_17_精品咖啡師.png,十齋日\08_二十八\二十八_17_精品咖啡師.png,2027-09-28 06:00,
2027-09-29,二十九,十齋日_2027-09-29_農曆二十九,二十九_01_果農果園誦經.png,十齋日\09_二十九\二十九_01_果農果園誦經.png,2027-09-29 06:00,是 (重複)
2027-09-30,初一,十齋日_2027-09-30_農曆初一,初一_19_計程車司機.png,十齋日\01_初一\初一_19_計程車司機.png,2027-09-30 06:00,
2027-10-07,初八,十齋日_2027-10-07_農曆初八,初八_18_裁縫師.png,十齋日\02_初八\初八_18_裁縫師.png,2027-10-07 06:00,
2027-10-13,十四,十齋日_2027-10-13_農曆十四,十四_16_水電工師傅.png,十齋日\03_十四\十四_16_水電工師傅.png,2027-10-13 06:00,
2027-10-14,十五,十齋日_2027-10-14_農曆十五,十五_19_熱氣球飛行員.png,十齋日\04_十五\十五_19_熱氣球飛行員.png,2027-10-14 06:00,
2027-10-17,十八,十齋日_2027-10-17_農曆十八,十八_18_金工設計師.png,十齋日\05_十八\十八_18_金工設計師.png,2027-10-17 06:00,
2027-10-22,二十三,十齋日_2027-10-22_農曆二十三,二十三_18_金工設計師.png,十齋日\06_二十三\二十三_18_金工設計師.png,2027-10-22 06:00,
2027-10-23,二十四,十齋日_2027-10-23_農曆二十四,二十四_18_金工設計師.png,十齋日\07_二十四\二十四_18_金工設計師.png,2027-10-23 06:00,
2027-10-27,二十八,十齋日_2027-10-27_農曆二十八,二十八_18_金工設計師.png,十齋日\08_二十八\二十八_18_金工設計師.png,2027-10-27 06:00,
2027-10-28,二十九,十齋日_2027-10-28_農曆二十九,二十九_02_爸爸與兒子共修.png,十齋日\09_二十九\二十九_02_爸爸與兒子共修.png,2027-10-28 06:00,是 (重複)
2027-10-29,初一,十齋日_2027-10-29_農曆初一,初一_20_獨居老人.png,十齋日\01_初一\初一_20_獨居老人.png,2027-10-29 06:00,
2027-11-05,初八,十齋日_2027-11-05_農曆初八,初八_19_計程車司機.png,十齋日\02_初八\初八_19_計程車司機.png,2027-11-05 06:00,
2027-11-11,十四,十齋日_2027-11-11_農曆十四,十四_17_調酒師 1.png,十齋日\03_十四\十四_17_調酒師 1.png,2027-11-11 06:00,
2027-11-12,十五,十齋日_2027-11-12_農曆十五,十五_20_高鐵站務員.png,十齋日\04_十五\十五_20_高鐵站務員.png,2027-11-12 06:00,
2027-11-15,十八,十齋日_2027-11-15_農曆十八,十八_19_熱氣球飛行員.png,十齋日\05_十八\十八_19_熱氣球飛行員.png,2027-11-15 06:00,
2027-11-20,二十三,十齋日_2027-11-20_農曆二十三,二十三_19_熱氣球飛行員.png,十齋日\06_二十三\二十三_19_熱氣球飛行員.png,2027-11-20 06:00,
2027-11-21,二十四,十齋日_2027-11-21_農曆二十四,二十四_19_熱氣球飛行員.png,十齋日\07_二十四\二十四_19_熱氣球飛行員.png,2027-11-21 06:00,
2027-11-25,二十八,十齋日_2027-11-25_農曆二十八,二十八_19_熱氣球飛行員.png,十齋日\08_二十八\二十八_19_熱氣球飛行員.png,2027-11-25 06:00,
2027-11-26,二十九,十齋日_2027-11-26_農曆二十九,二十九_03_律師事務所誦經.png,十齋日\09_二十九\二十九_03_律師事務所誦經.png,2027-11-26 06:00,是 (重複)
2027-11-27,三十,十齋日_2027-11-27_農曆三十,三十_19_熱氣球飛行員.png,十齋日\10_三十\三十_19_熱氣球飛行員.png,2027-11-27 06:00,
2027-11-28,初一,十齋日_2027-11-28_農曆初一,初一_21_藥師藥局誦經.png,十齋日\01_初一\初一_21_藥師藥局誦經.png,2027-11-28 06:00,
2027-12-05,初八,十齋日_2027-12-05_農曆初八,初八_20_獨居老人.png,十齋日\02_初八\初八_20_獨居老人.png,2027-12-05 06:00,
2027-12-11,十四,十齋日_2027-12-11_農曆十四,十四_17_調酒師.png,十齋日\03_十四\十四_17_調酒師.png,2027-12-11 06:00,
2027-12-12,十五,十齋日_2027-12-12_農曆十五,十五_21_瑜伽老師.png,十齋日\04_十五\十五_21_瑜伽老師.png,2027-12-12 06:00,
2027-12-15,十八,十齋日_2027-12-15_農曆十八,十八_20_高鐵站務員.png,十齋日\05_十八\十八_20_高鐵站務員.png,2027-12-15 06:00,
2027-12-20,二十三,十齋日_2027-12-20_農曆二十三,二十三_20_高鐵站務員.png,十齋日\06_二十三\二十三_20_高鐵站務員.png,2027-12-20 06:00,
2027-12-21,二十四,十齋日_2027-12-21_農曆二十四,二十四_20_高鐵站務員.png,十齋日\07_二十四\二十四_20_高鐵站務員.png,2027-12-21 06:00,
2027-12-25,二十八,十齋日_2027-12-25_農曆二十八,二十八_20_高鐵站務員.png,十齋日\08_二十八\二十八_20_高鐵站務員.png,2027-12-25 06:00,
2027-12-26,二十九,十齋日_2027-12-26_農曆二十九,二十九_04_藏傳喇嘛開示.png,十齋日\09_二十九\二十九_04_藏傳喇嘛開示.png,2027-12-26 06:00,是 (重複)
2027-12-27,三十,十齋日_2027-12-27_農曆三十,三十_21_瑜伽老師.png,十齋日\10_三十\三十_21_瑜伽老師.png,2027-12-27 06:00,
2027-12-28,初一,十齋日_2027-12-28_農曆初一,初一_22_麵包師傅.png,十齋日\01_初一\初一_22_麵包師傅.png,2027-12-28 06:00,
